{
	"Students" : {
		"2010-1431" : {
			"Freshmen" : {
				"Male" : 164787,
				"Female" : 132845,
				"Total" : 297632,
				"Saudi" : {
					"Male" : 159558,
					"Female" : 130147,
					"Total" : 289705
				},
				"Non-Saudi" : {
					"Male" : 5229,
					"Female" : 2698,
					"Total" : 297632
				},
				"Diploma" : {
					"Male" : 13795,
					"Female" : 42556,
					"Total" : 297632
				},
				"Bachelore" : {
					"Male" : 114222,
					"Female" : 113503,
					"Total" : 227725
				}
			}
		}
	}
}